Fach ID;Fach;Fachkollegium;Fachgebiet;Wissenschaftsbereich
101-01;Ur- und Frühgeschichte (weltweit);101 Alte Kulturen;11 Geisteswissenschaften;1 Geistes- und Sozialwissenschaften
101-02;Klassische Philologie;101 Alte Kulturen;11 Geisteswissenschaften;1 Geistes- und Sozialwissenschaften
101-03;Alte Geschichte;101 Alte Kulturen;11 Geisteswissenschaften;1 Geistes- und Sozialwissenschaften
101-04;Klassische Archäologie;101 Alte Kulturen;11 Geisteswissenschaften;1 Geistes- und Sozialwissenschaften
101-05;Ägyptische und Vorderasiatische Altertumswissenschaften;101 Alte Kulturen;11 Geisteswissenschaften;1 Geistes- und Sozialwissenschaften
102-01;Mittelalterliche Geschichte;102 Geschichtswissenschaften;11 Geisteswissenschaften;1 Geistes- und Sozialwissenschaften
102-02;Frühneuzeitliche Geschichte;102 Geschichtswissenschaften;11 Geisteswissenschaften;1 Geistes- und Sozialwissenschaften
102-03;Neuere und Neueste Geschichte (einschl. Europäische Geschichte der Neuzeit und Außereuropäische Geschichte);102 Geschichtswissenschaften;11 Geisteswissenschaften;1 Geistes- und Sozialwissenschaften
102-04;Wissenschaftsgeschichte;102 Geschichtswissenschaften;11 Geisteswissenschaften;1 Geistes- und Sozialwissenschaften
103-01;Kunstgeschichte;103 Kunst-, Musik-, Theater- und Medienwissenschaften;11 Geisteswissenschaften;1 Geistes- und Sozialwissenschaften
103-02;Musikwissenschaften;103 Kunst-, Musik-, Theater- und Medienwissenschaften;11 Geisteswissenschaften;1 Geistes- und Sozialwissenschaften
103-03;Theater- und Medienwissenschaften;103 Kunst-, Musik-, Theater- und Medienwissenschaften;11 Geisteswissenschaften;1 Geistes- und Sozialwissenschaften
104-01;Allgemeine und Vergleichende Sprachwissenschaft, Typologie, Außereuropäische Sprachen;104 Sprachwissenschaften;11 Geisteswissenschaften;1 Geistes- und Sozialwissenschaften
104-02;Einzelsprachwissenschaften;104 Sprachwissenschaften;11 Geisteswissenschaften;1 Geistes- und Sozialwissenschaften
104-03;Historische Linguistik;104 Sprachwissenschaften;11 Geisteswissenschaften;1 Geistes- und Sozialwissenschaften
104-04;Angewandte Sprachwissenschaften, Experimentelle Linguistik, Computerlinguistik;104 Sprachwissenschaften;11 Geisteswissenschaften;1 Geistes- und Sozialwissenschaften
105-01;Ältere deutsche Literatur;105 Literaturwissenschaft;11 Geisteswissenschaften;1 Geistes- und Sozialwissenschaften
105-02;Neuere deutsche Literatur;105 Literaturwissenschaft;11 Geisteswissenschaften;1 Geistes- und Sozialwissenschaften
105-03;Europäische und Amerikanische Literaturen;105 Literaturwissenschaft;11 Geisteswissenschaften;1 Geistes- und Sozialwissenschaften
105-04;"Allgemeine und vergleichende Literaturwissenschaft; Kulturwissenschaft";105 Literaturwissenschaft;11 Geisteswissenschaften;1 Geistes- und Sozialwissenschaften
106-01;Ethnologie und Europäische Ethnologie;106 Sozial- und Kulturanthropologie, Außereuropäische Kulturen, Judaistik und Religionswissenschaft;11 Geisteswissenschaften;1 Geistes- und Sozialwissenschaften
106-02;Asienbezogene Wissenschaften;106 Sozial- und Kulturanthropologie, Außereuropäische Kulturen, Judaistik und Religionswissenschaft;11 Geisteswissenschaften;1 Geistes- und Sozialwissenschaften
106-03;Afrika-, Amerika- und Ozeanienbezogene Wissenschaften;106 Sozial- und Kulturanthropologie, Außereuropäische Kulturen, Judaistik und Religionswissenschaft;11 Geisteswissenschaften;1 Geistes- und Sozialwissenschaften
106-04;Islamwissenschaften, Arabistik, Semitistik;106 Sozial- und Kulturanthropologie, Außereuropäische Kulturen, Judaistik und Religionswissenschaft;11 Geisteswissenschaften;1 Geistes- und Sozialwissenschaften
106-05;Religionswissenschaft und Judaistik;106 Sozial- und Kulturanthropologie, Außereuropäische Kulturen, Judaistik und Religionswissenschaft;11 Geisteswissenschaften;1 Geistes- und Sozialwissenschaften
107-01;Evangelische Theologie;107 Theologie;11 Geisteswissenschaften;1 Geistes- und Sozialwissenschaften
107-02;Katholische Theologie;107 Theologie;11 Geisteswissenschaften;1 Geistes- und Sozialwissenschaften
108-01;Geschichte der Philosophie;108 Philosophie;11 Geisteswissenschaften;1 Geistes- und Sozialwissenschaften
108-02;Theoretische Philosophie;108 Philosophie;11 Geisteswissenschaften;1 Geistes- und Sozialwissenschaften
108-03;Praktische Philosophie;108 Philosophie;11 Geisteswissenschaften;1 Geistes- und Sozialwissenschaften
109-01;Allgemeine und Historische Pädagogik;109 Erziehungswissenschaft und Bildungsforschung;12 Sozial- und Verhaltenswissenschaften;1 Geistes- und Sozialwissenschaften
109-02;Allgemeines und fachbezogenes Lehren und Lernen;109 Erziehungswissenschaft und Bildungsforschung;12 Sozial- und Verhaltenswissenschaften;1 Geistes- und Sozialwissenschaften
109-03;Bildungssysteme und Bildungsinstitutionen;109 Erziehungswissenschaft und Bildungsforschung;12 Sozial- und Verhaltenswissenschaften;1 Geistes- und Sozialwissenschaften
109-04;Pädagogische Sozial- und Organisationsforschung;109 Erziehungswissenschaft und Bildungsforschung;12 Sozial- und Verhaltenswissenschaften;1 Geistes- und Sozialwissenschaften
110-01;Allgemeine, Biologische und Mathematische Psychologie;110 Psychologie;12 Sozial- und Verhaltenswissenschaften;1 Geistes- und Sozialwissenschaften
110-02;Entwicklungspsychologie und Pädagogische Psychologie;110 Psychologie;12 Sozial- und Verhaltenswissenschaften;1 Geistes- und Sozialwissenschaften
110-03;Sozialpsychologie und Arbeits- und Organisationspsychologie;110 Psychologie;12 Sozial- und Verhaltenswissenschaften;1 Geistes- und Sozialwissenschaften
110-04;Differentielle Psychologie, Klinische Psychologie, Medizinische Psychologie, Methoden;110 Psychologie;12 Sozial- und Verhaltenswissenschaften;1 Geistes- und Sozialwissenschaften
111-01;Soziologische Theorie;111 Sozialwissenschaften;12 Sozial- und Verhaltenswissenschaften;1 Geistes- und Sozialwissenschaften
111-02;Empirische Sozialforschung;111 Sozialwissenschaften;12 Sozial- und Verhaltenswissenschaften;1 Geistes- und Sozialwissenschaften
111-03;Publizistik und Kommunikationswissenschaft;111 Sozialwissenschaften;12 Sozial- und Verhaltenswissenschaften;1 Geistes- und Sozialwissenschaften
111-04;Politikwissenschaft;111 Sozialwissenschaften;12 Sozial- und Verhaltenswissenschaften;1 Geistes- und Sozialwissenschaften
112-01;Wirtschaftstheorie;112  Wirtschaftswissenschaften;12 Sozial- und Verhaltenswissenschaften;1 Geistes- und Sozialwissenschaften
112-02;Wirtschaftspolitik und Finanzwissenschaften;112  Wirtschaftswissenschaften;12 Sozial- und Verhaltenswissenschaften;1 Geistes- und Sozialwissenschaften
112-03;Betriebswirtschaftslehre;112  Wirtschaftswissenschaften;12 Sozial- und Verhaltenswissenschaften;1 Geistes- und Sozialwissenschaften
112-04;Statistik und Ökonometrie;112  Wirtschaftswissenschaften;12 Sozial- und Verhaltenswissenschaften;1 Geistes- und Sozialwissenschaften
112-05;Wirtschafts- und Sozialgeschichte;112  Wirtschaftswissenschaften;12 Sozial- und Verhaltenswissenschaften;1 Geistes- und Sozialwissenschaften
113-01;Grundlagen des Rechts und der Rechtswissenschaft;113 Rechtswissenschaften;12 Sozial- und Verhaltenswissenschaften;1 Geistes- und Sozialwissenschaften
113-02;Privatrecht;113 Rechtswissenschaften;12 Sozial- und Verhaltenswissenschaften;1 Geistes- und Sozialwissenschaften
113-03;Öffentliches Recht;113 Rechtswissenschaften;12 Sozial- und Verhaltenswissenschaften;1 Geistes- und Sozialwissenschaften
113-04;Strafrecht, Strafprozessrecht;113 Rechtswissenschaften;12 Sozial- und Verhaltenswissenschaften;1 Geistes- und Sozialwissenschaften
113-05;Kriminologie;113 Rechtswissenschaften;12 Sozial- und Verhaltenswissenschaften;1 Geistes- und Sozialwissenschaften
201-01;Biochemie;201 Grundlagen der Biologie und Medizin;21 Biologie;2 Lebenswissenschaften
201-02;Biophysik;201 Grundlagen der Biologie und Medizin;21 Biologie;2 Lebenswissenschaften
201-03;Zellbiologie;201 Grundlagen der Biologie und Medizin;21 Biologie;2 Lebenswissenschaften
201-04;Strukturbiologie;201 Grundlagen der Biologie und Medizin;21 Biologie;2 Lebenswissenschaften
201-05;Allgemeine Genetik;201 Grundlagen der Biologie und Medizin;21 Biologie;2 Lebenswissenschaften
201-06;Entwicklungsbiologie;201 Grundlagen der Biologie und Medizin;21 Biologie;2 Lebenswissenschaften
201-07;Bioinformatik und Theoretische Biologie;201 Grundlagen der Biologie und Medizin;21 Biologie;2 Lebenswissenschaften
201-08;Anatomie;201 Grundlagen der Biologie und Medizin;21 Biologie;2 Lebenswissenschaften
202-01;Evolution und Systematik der Pflanzen und Pilze;202 Pflanzenwissenschaften;21 Biologie;2 Lebenswissenschaften
202-02;Pflanzenökologie und Ökosystemforschung;202 Pflanzenwissenschaften;21 Biologie;2 Lebenswissenschaften
202-03 ;Organismische Interaktionen und chemische Ökologie pflanzlicher Systeme;202 Pflanzenwissenschaften;21 Biologie;2 Lebenswissenschaften
202-04;Pflanzenphysiologie;202 Pflanzenwissenschaften;21 Biologie;2 Lebenswissenschaften
202-05;Biochemie und Biophysik der Pflanzen;202 Pflanzenwissenschaften;21 Biologie;2 Lebenswissenschaften
202-06;Zell- und Entwicklungsbiologie der Pflanzen;202 Pflanzenwissenschaften;21 Biologie;2 Lebenswissenschaften
202-07;Genetik der Pflanzen;202 Pflanzenwissenschaften;21 Biologie;2 Lebenswissenschaften
203-01;Systematik und Morphologie der Tiere;203 Zoologie;21 Biologie;2 Lebenswissenschaften
203-02;Evolution, Anthropologie;203 Zoologie;21 Biologie;2 Lebenswissenschaften
203-03;Ökologie der Tiere, Biodiversität und Ökosystemforschung;203 Zoologie;21 Biologie;2 Lebenswissenschaften
203-04;Biologie des Verhaltens und der Sinne;203 Zoologie;21 Biologie;2 Lebenswissenschaften
203-05;Biochemie und Physiologie der Tiere;203 Zoologie;21 Biologie;2 Lebenswissenschaften
203-06;Evolutionäre Zell- und Entwicklungsbiologie der Tiere;203 Zoologie;21 Biologie;2 Lebenswissenschaften
204-01;Stoffwechselphysiologie, Biochemie und Genetik der Mikroorganismen;204 Mikrobiologie, Virologie und Immunologie;22 Medizin;2 Lebenswissenschaften
204-02;Mikrobielle Ökologie und Angewandte Mikrobiologie;204 Mikrobiologie, Virologie und Immunologie;22 Medizin;2 Lebenswissenschaften
204-03;Medizinische Mikrobiologie, Parasitologie, medizinische Mykologie und Hygiene,;204 Mikrobiologie, Virologie und Immunologie;22 Medizin;2 Lebenswissenschaften
204-04;Molekulare Infektionsbiologie Virologie;204 Mikrobiologie, Virologie und Immunologie;22 Medizin;2 Lebenswissenschaften
204-05;Immunologie;204 Mikrobiologie, Virologie und Immunologie;22 Medizin;2 Lebenswissenschaften
205-01;Epidemiologie, Medizinische Biometrie, Medizinische Informatik;205 Medizin;22 Medizin;2 Lebenswissenschaften
205-02;Public Health, medizinische Versorgungsforschung, Sozialmedizin;205 Medizin;22 Medizin;2 Lebenswissenschaften
205-03;Humangenetik;205 Medizin;22 Medizin;2 Lebenswissenschaften
205-04;Physiologie;205 Medizin;22 Medizin;2 Lebenswissenschaften
205-05;Ernährungswissenschaften;205 Medizin;22 Medizin;2 Lebenswissenschaften
205-06;Pathologie;205 Medizin;22 Medizin;2 Lebenswissenschaften
205-07;Klinische Chemie und Pathobiochemie;205 Medizin;22 Medizin;2 Lebenswissenschaften
205-08;Pharmazie;205 Medizin;22 Medizin;2 Lebenswissenschaften
205-09;Pharmakologie;205 Medizin;22 Medizin;2 Lebenswissenschaften
205-10;Toxikologie, Arbeitsmedizin und Rechtsmedizin;205 Medizin;22 Medizin;2 Lebenswissenschaften
205-11;Anästhesiologie;205 Medizin;22 Medizin;2 Lebenswissenschaften
205-12;Kardiologie, Angiologie;205 Medizin;22 Medizin;2 Lebenswissenschaften
205-13;Pneumologie, Klinische Infektiologie;205 Medizin;22 Medizin;2 Lebenswissenschaften
205-14;Hämatologie, Onkologie, Transfusionsmedizin;205 Medizin;22 Medizin;2 Lebenswissenschaften
205-15;Gastroenterologie, Stoffwechsel;205 Medizin;22 Medizin;2 Lebenswissenschaften
205-16;Nephrologie;205 Medizin;22 Medizin;2 Lebenswissenschaften
205-17;Endokrinologie, Diabetologie;205 Medizin;22 Medizin;2 Lebenswissenschaften
205-18;Rheumatologie, Klinische Immunologie, Allergologie;205 Medizin;22 Medizin;2 Lebenswissenschaften
205-19;Dermatologie;205 Medizin;22 Medizin;2 Lebenswissenschaften
205-20;Kinder- und Jugendmedizin;205 Medizin;22 Medizin;2 Lebenswissenschaften
205-21;Frauenheilkunde und Geburtshilfe;205 Medizin;22 Medizin;2 Lebenswissenschaften
205-22;Reproduktionsmedizin/ -biologie;205 Medizin;22 Medizin;2 Lebenswissenschaften
205-23;Urologie;205 Medizin;22 Medizin;2 Lebenswissenschaften
205-24;Biogerontologie und Geriatrie;205 Medizin;22 Medizin;2 Lebenswissenschaften
205-25;Allgemein- und Viszeralchirurgie;205 Medizin;22 Medizin;2 Lebenswissenschaften
205-26;Herz-, Thorax-, Gefäßchirurgie;205 Medizin;22 Medizin;2 Lebenswissenschaften
205-27;Unfallchirurgie und Orthopädie;205 Medizin;22 Medizin;2 Lebenswissenschaften
205-28;"Zahnheilkunde; Mund-, Kiefer- und Gesichtschirurgie";205 Medizin;22 Medizin;2 Lebenswissenschaften
205-29;Hals-Nasen-Ohrenheilkunde;205 Medizin;22 Medizin;2 Lebenswissenschaften
205-30;Radiologie und Nuklearmedizin;205 Medizin;22 Medizin;2 Lebenswissenschaften
205-31;Radioonkologie und Strahlenbiologie;205 Medizin;22 Medizin;2 Lebenswissenschaften
205-32;Biomedizinische Technik und Medizinische Physik;205 Medizin;22 Medizin;2 Lebenswissenschaften
206-01;Molekulare Neurowissenschaft und Neurogenetik;206 Neurowissenschaften;22 Medizin;2 Lebenswissenschaften
206-02;Zelluläre Neurowissenschaft;206 Neurowissenschaften;22 Medizin;2 Lebenswissenschaften
206-03;Entwicklungsneurobiologie;206 Neurowissenschaften;22 Medizin;2 Lebenswissenschaften
206-04;Systemische Neurowissenschaft, Computational Neuroscience, Verhalten;206 Neurowissenschaften;22 Medizin;2 Lebenswissenschaften
206-05;Organismische Neurobiologie;206 Neurowissenschaften;22 Medizin;2 Lebenswissenschaften
206-06;Kognitive Neurowissenschaft;206 Neurowissenschaften;22 Medizin;2 Lebenswissenschaften
206-07;Molekulare und Zelluläre Neurologie, Neuropathologie;206 Neurowissenschaften;22 Medizin;2 Lebenswissenschaften
206-08;Klinische Neurowissenschaften I - Neurologie, Neurochirurgie, Neuroradiologie;206 Neurowissenschaften;22 Medizin;2 Lebenswissenschaften
206-09;Biologische und molekulare Psychiatrie;206 Neurowissenschaften;22 Medizin;2 Lebenswissenschaften
206-10;Klinische Neurowissenschaften II - Psychiatrie, Psychotherapie, Kinder- und Jugendspychiatrie;206 Neurowissenschaften;22 Medizin;2 Lebenswissenschaften
206-11;Klinische Neurowissenschaften III - Augenheilkunde;206 Neurowissenschaften;22 Medizin;2 Lebenswissenschaften
207-01;Bodenwissenschaften;207 Agrar-, Forstwissenschaften und Tiermedizin;23 Agrar-, Forstwissenschaften und  Tiermedizin;2 Lebenswissenschaften
207-02;Pflanzenbau und Agrartechnik;207 Agrar-, Forstwissenschaften und Tiermedizin;23 Agrar-, Forstwissenschaften und  Tiermedizin;2 Lebenswissenschaften
207-03;Pflanzenernährung;207 Agrar-, Forstwissenschaften und Tiermedizin;23 Agrar-, Forstwissenschaften und  Tiermedizin;2 Lebenswissenschaften
207-04;Ökologie von Agrarlandschaften;207 Agrar-, Forstwissenschaften und Tiermedizin;23 Agrar-, Forstwissenschaften und  Tiermedizin;2 Lebenswissenschaften
207-05;Pflanzenzüchtung;207 Agrar-, Forstwissenschaften und Tiermedizin;23 Agrar-, Forstwissenschaften und  Tiermedizin;2 Lebenswissenschaften
207-06;Phytomedizin;207 Agrar-, Forstwissenschaften und Tiermedizin;23 Agrar-, Forstwissenschaften und  Tiermedizin;2 Lebenswissenschaften
207-07;Agrarökonomie und -soziologie;207 Agrar-, Forstwissenschaften und Tiermedizin;23 Agrar-, Forstwissenschaften und  Tiermedizin;2 Lebenswissenschaften
207-08;Forstwissenschaften;207 Agrar-, Forstwissenschaften und Tiermedizin;23 Agrar-, Forstwissenschaften und  Tiermedizin;2 Lebenswissenschaften
207-09;Tierzucht, Tierhaltung und Tierhygiene;207 Agrar-, Forstwissenschaften und Tiermedizin;23 Agrar-, Forstwissenschaften und  Tiermedizin;2 Lebenswissenschaften
207-10;Tierernährung und Tierernährungsphysiologie;207 Agrar-, Forstwissenschaften und Tiermedizin;23 Agrar-, Forstwissenschaften und  Tiermedizin;2 Lebenswissenschaften
207-11;Grundlagen der Tiermedizin;207 Agrar-, Forstwissenschaften und Tiermedizin;23 Agrar-, Forstwissenschaften und  Tiermedizin;2 Lebenswissenschaften
207-12;Grundlagen von Pathogenese, Diagnostik, Therapie und Klinische Tiermedizin;207 Agrar-, Forstwissenschaften und Tiermedizin;23 Agrar-, Forstwissenschaften und  Tiermedizin;2 Lebenswissenschaften
301-01;Anorganische Molekülchemie - Synthese, Charakterisierung, Theorie und Modellierung;301 Molekülchemie;31 Chemie;3 Naturwissenschaften
301-02;Organische Molekülchemie - Synthese, Charakterisierung, Theorie und Modellierung;301 Molekülchemie;31 Chemie;3 Naturwissenschaften
302-01;Festkörper- und Oberflächenchemie, Materialsynthese;302 Chemische Festkörper- und Oberflächenforschung;31 Chemie;3 Naturwissenschaften
302-02;Physikalische Chemie von Festkörpern und Oberflächen, Materialcharakterisierung;302 Chemische Festkörper- und Oberflächenforschung;31 Chemie;3 Naturwissenschaften
302-03;Theorie und Modellierung;303 Physikalische und Theoretische Chemie;31 Chemie;3 Naturwissenschaften
303-01;Physikalische Chemie von Molekülen, Flüssigkeiten und Grenzflächen - Spektroskopie, Kinetik;303 Physikalische und Theoretische Chemie;31 Chemie;3 Naturwissenschaften
303-02;Allgemeine Theoretische Chemie;303 Physikalische und Theoretische Chemie;31 Chemie;3 Naturwissenschaften
304-01;Analytik / Methodenentwicklung (Chemie);304 Analytik / Methodenentwicklung (Chemie);31 Chemie;3 Naturwissenschaften
305-01;Biologische und Biomimetische Chemie;305 Biologische Chemie und Lebensmittelchemie;31 Chemie;3 Naturwissenschaften
305-02;Lebensmittelchemie;305 Biologische Chemie und Lebensmittelchemie;31 Chemie;3 Naturwissenschaften
306-01;Präparative und Physikalische Chemie von Polymeren;306 Polymerforschung;31 Chemie;3 Naturwissenschaften
306-02;Experimentelle und Theoretische Polymerphysik;306 Polymerforschung;31 Chemie;3 Naturwissenschaften
306-03;Polymermaterialien;306 Polymerforschung;31 Chemie;3 Naturwissenschaften
307-01;Experimentelle Physik der kondensierten Materie;307 Physik der kondensierten Materie;32 Physik;3 Naturwissenschaften
307-02;Theoretische Physik der kondensierten Materie;307 Physik der kondensierten Materie;32 Physik;3 Naturwissenschaften
308-01;Optik, Quantenoptik, Physik der Atome, Moleküle und Plasmen;308 Optik, Quantenoptik und Physik der Atome, Moleküle und Plasmen;32 Physik;3 Naturwissenschaften
309-01;Kern- und Elementarteilchenphysik, Quantenmechanik, Relativitätstheorie, Felder;309 Teilchen, Kerne und Felder;32 Physik;3 Naturwissenschaften
310-01;Statistische Physik, Weiche Materie, Biologische Physik, Nichtlineare Dynamik;310 Statistische Physik, Weiche Materie, Biologische Physik, Nichtlineare Dynamik;32 Physik;3 Naturwissenschaften
311-01;Astrophysik und Astronomie;311 Astrophysik und Astronomie;32 Physik;3 Naturwissenschaften
312-01;Mathematik;312 Mathematik;33 Mathematik;3 Naturwissenschaften
313-01;Physik und Chemie der Atmosphäre;313 Atmosphären-, Meeres- und Klimaforschung;34 Geowissenschaften;3 Naturwissenschaften
313-02;Physik, Chemie und Biologie des Meeres;313 Atmosphären-, Meeres- und Klimaforschung;34 Geowissenschaften;3 Naturwissenschaften
314-01;Geologie, Ingenieurgeologie, Paläontologie;314 Geologie und Paläontologie;34 Geowissenschaften;3 Naturwissenschaften
315-01;Physik des Erdkörpers;315 Geophysik und Geodäsie;34 Geowissenschaften;3 Naturwissenschaften
315-02;Geodäsie, Photogrammetrie, Fernerkundung, Geoinformatik, Kartographie;315 Geophysik und Geodäsie;34 Geowissenschaften;3 Naturwissenschaften
316-01;Organische und Anorganische Geochemie, Biogeochemie, Mineralogie, Petrologie, Kristallographie, Lagerstättenkunde;316 Geochemie, Mineralogie und Kristallographie;34 Geowissenschaften;3 Naturwissenschaften
317-01;Physische Geographie;317 Geographie;34 Geowissenschaften;3 Naturwissenschaften
317-02;Humangeographie;317 Geographie;34 Geowissenschaften;3 Naturwissenschaften
318-01;Hydrogeologie, Hydrologie, Limnologie, Siedlungswasserwirtschaft, Wasserchemie, Integrierte Wasser-Ressourcen Bewirtschaftung;318 Wasserforschung;34 Geowissenschaften;3 Naturwissenschaften
401-01;Spanende Fertigungstechnik;401 Produktionstechnik;41 Maschinenbau und produktionstechnik;4 Ingenieurwissenschaften
401-02;Ur- und Umformtechnik;401 Produktionstechnik;41 Maschinenbau und produktionstechnik;4 Ingenieurwissenschaften
401-03;Füge-, Montage- und Trenntechnik;401 Produktionstechnik;41 Maschinenbau und produktionstechnik;4 Ingenieurwissenschaften
401-04;Kunststofftechnik;401 Produktionstechnik;41 Maschinenbau und produktionstechnik;4 Ingenieurwissenschaften
401-05;Produktionsorganisation und Betriebswissenschaften;401 Produktionstechnik;41 Maschinenbau und produktionstechnik;4 Ingenieurwissenschaften
401-06;Werkzeugmaschinen und Produktionsautomatisierung;401 Produktionstechnik;41 Maschinenbau und produktionstechnik;4 Ingenieurwissenschaften
402-01;Konstruktion, Maschinenelemente, Produktentwicklung;402 Mechanik und Konstruktiver Maschinenbau;41 Maschinenbau und produktionstechnik;4 Ingenieurwissenschaften
402-02;Mechanik;402 Mechanik und Konstruktiver Maschinenbau;41 Maschinenbau und produktionstechnik;4 Ingenieurwissenschaften
402-03;Leichtbau, Textiltechnik;402 Mechanik und Konstruktiver Maschinenbau;41 Maschinenbau und produktionstechnik;4 Ingenieurwissenschaften
402-04;Akustik;402 Mechanik und Konstruktiver Maschinenbau;41 Maschinenbau und produktionstechnik;4 Ingenieurwissenschaften
403-01;Chemische und Thermische Verfahrenstechnik;403 Verfahrenstechnik, Technische Chemie;42 Wärmetechnik/Verfahrenstechnik;4 Ingenieurwissenschaften
403-02;Technische Chemie;403 Verfahrenstechnik, Technische Chemie;42 Wärmetechnik/Verfahrenstechnik;4 Ingenieurwissenschaften
403-03;Mechanische Verfahrenstechnik;403 Verfahrenstechnik, Technische Chemie;42 Wärmetechnik/Verfahrenstechnik;4 Ingenieurwissenschaften
403-04;Bioverfahrenstechnik;403 Verfahrenstechnik, Technische Chemie;42 Wärmetechnik/Verfahrenstechnik;4 Ingenieurwissenschaften
404-01;Energieverfahrenstechnik;404 Wärmeenergietechnik, Thermische Maschinen, Strömungsmechanik;42 Wärmetechnik/Verfahrenstechnik;4 Ingenieurwissenschaften
404-02;Technische Thermodynamik;404 Wärmeenergietechnik, Thermische Maschinen, Strömungsmechanik;42 Wärmetechnik/Verfahrenstechnik;4 Ingenieurwissenschaften
404-03;Strömungsmechanik;404 Wärmeenergietechnik, Thermische Maschinen, Strömungsmechanik;42 Wärmetechnik/Verfahrenstechnik;4 Ingenieurwissenschaften
404-04;Strömungs- und Kolbenmaschinen;404 Wärmeenergietechnik, Thermische Maschinen, Strömungsmechanik;42 Wärmetechnik/Verfahrenstechnik;4 Ingenieurwissenschaften
405-01;Metallurgische und thermische Prozesse und thermomechanische Behandlung von Werkstoffen;405 Werkstofftechnik;43 Materialwissenschaften und Werkstofftechnik;4 Ingenieurwissenschaften
405-02;Keramische und metallische Sinterwerkstoffe;405 Werkstofftechnik;43 Materialwissenschaften und Werkstofftechnik;4 Ingenieurwissenschaften
405-03;Verbundwerkstoffe;405 Werkstofftechnik;43 Materialwissenschaften und Werkstofftechnik;4 Ingenieurwissenschaften
405-04;Mechanisches Verhalten von Konstruktionswerkstoffen;405 Werkstofftechnik;43 Materialwissenschaften und Werkstofftechnik;4 Ingenieurwissenschaften
405-05;Beschichtungs- und Oberflächentechnik;405 Werkstofftechnik;43 Materialwissenschaften und Werkstofftechnik;4 Ingenieurwissenschaften
406-01;Thermodynamik und Kinetik von Werkstoffen;406 Materialwissenschaft;43 Materialwissenschaften und Werkstofftechnik;4 Ingenieurwissenschaften
406-02;Herstellung und Eigenschaften von Funktionsmaterialien;406 Materialwissenschaft;43 Materialwissenschaften und Werkstofftechnik;4 Ingenieurwissenschaften
406-03;Mikrostrukturelle mechanische Eigenschaften von Materialien;406 Materialwissenschaft;43 Materialwissenschaften und Werkstofftechnik;4 Ingenieurwissenschaften
406-04;Strukturierung und Funktionalisierung;406 Materialwissenschaft;43 Materialwissenschaften und Werkstofftechnik;4 Ingenieurwissenschaften
406-05;Biomaterialien;406 Materialwissenschaft;43 Materialwissenschaften und Werkstofftechnik;4 Ingenieurwissenschaften
407-01;Automatisierungstechnik, Regelungssysteme, Robotik, Mechatronik, Cyber Physical Systems;407 Systemtechnik;44 Informatik, System- und Elektrotechnik;4 Ingenieurwissenschaften
407-02;Messsysteme;407 Systemtechnik;44 Informatik, System- und Elektrotechnik;4 Ingenieurwissenschaften
407-03;Mikrosysteme;407 Systemtechnik;44 Informatik, System- und Elektrotechnik;4 Ingenieurwissenschaften
407-04;Verkehrs- und Transportsysteme, Logistik, Intelligenter und automatisierter Verkehr;407 Systemtechnik;44 Informatik, System- und Elektrotechnik;4 Ingenieurwissenschaften
407-05;Arbeitswissenschaft, Ergonomie, Mensch-Maschine-Systeme;407 Systemtechnik;44 Informatik, System- und Elektrotechnik;4 Ingenieurwissenschaften
407-06;Biomedizinische Systemtechnik;407 Systemtechnik;44 Informatik, System- und Elektrotechnik;4 Ingenieurwissenschaften
408-01;Elektronische Halbleiter, Bauelemente und Schaltungen, Integrierte Systeme;408 Elektrotechnik und Informationstechnik;44 Informatik, System- und Elektrotechnik;4 Ingenieurwissenschaften
408-02;Nachrichten- und Hochfrequenztechnik, Kommunikationstechnik und -netze, Theoretische Elektrotechnik;408 Elektrotechnik und Informationstechnik;44 Informatik, System- und Elektrotechnik;4 Ingenieurwissenschaften
408-03;Elektrische Energieerzeugung, -übertragung, -verteilung und -anwendung;408 Elektrotechnik und Informationstechnik;44 Informatik, System- und Elektrotechnik;4 Ingenieurwissenschaften
409-01;Theoretische Informatik;409 Informatik;44 Informatik, System- und Elektrotechnik;4 Ingenieurwissenschaften
409-02;Softwaretechnik und Programmiersprachen;409 Informatik;44 Informatik, System- und Elektrotechnik;4 Ingenieurwissenschaften
409-03;Sicherheit und Verlässlichkeit;409 Informatik;44 Informatik, System- und Elektrotechnik;4 Ingenieurwissenschaften
409-04;Betriebs-, Kommunikations-, Datenbank- und verteilte Systeme;409 Informatik;44 Informatik, System- und Elektrotechnik;4 Ingenieurwissenschaften
409-05;Interaktive und intelligente Systeme, Bild- und Sprachverarbeitung, Computergraphik und Visualisierung;409 Informatik;44 Informatik, System- und Elektrotechnik;4 Ingenieurwissenschaften
409-06;Informationssysteme, Prozess- und Wissensmanagement;409 Informatik;44 Informatik, System- und Elektrotechnik;4 Ingenieurwissenschaften
409-07;Rechnerarchitekturen und eingebettete Systeme;409 Informatik;44 Informatik, System- und Elektrotechnik;4 Ingenieurwissenschaften
409-08;Massiv parallele und datenintensive Systeme;409 Informatik;44 Informatik, System- und Elektrotechnik;4 Ingenieurwissenschaften
410-01;Architektur, Bau- und Konstruktionsgeschichte, Bauforschung, Ressourcenökonomie im Bauwesen;410 Bauwesen und Architektur;45 Bauwesen und  Architektur;4 Ingenieurwissenschaften
410-02;Städtebau/Stadtentwicklung, Raumplanung, Verkehrs- und Infrastrukturplanung, Landschaftsplanung;410 Bauwesen und Architektur;45 Bauwesen und  Architektur;4 Ingenieurwissenschaften
410-03;Baustoffwissenschaften, Bauchemie, Bauphysik;410 Bauwesen und Architektur;45 Bauwesen und  Architektur;4 Ingenieurwissenschaften
410-04;Konstruktiver Ingenieurbau, Bauinformatik und Baubetrieb;410 Bauwesen und Architektur;45 Bauwesen und  Architektur;4 Ingenieurwissenschaften
410-05;Angewandte Mechanik, Statik und Dynamik;410 Bauwesen und Architektur;45 Bauwesen und  Architektur;4 Ingenieurwissenschaften
410-06;Geotechnik, Wasserbau;410 Bauwesen und Architektur;45 Bauwesen und  Architektur;4 Ingenieurwissenschaften
